USE	employees;
        show databases;
        SELECT * FROM employees;
        INSERT INTO  employees (emp_no,birth_date,first_name,last_name,gender,hire_date) VALUES ('0','2002-10-11','Fernanda','Guti','F','2020-10-10');
        INSERT INTO  employees (emp_no,birth_date,first_name,last_name,gender,hire_date) VALUES ('1','2002-10-08','Macarron','Queso','M','2023-11-20');
        INSERT INTO  employees (emp_no,birth_date,first_name,last_name,gender,hire_date) VALUES ('3','2002-10-11','Phineas','Ferbuson','M','2017-03-03');
        INSERT INTO  employees (emp_no,birth_date,first_name,last_name,gender,hire_date) VALUES ('4','2003-12-13','Josh','Fernandez','M','2018-04-04');
        INSERT INTO  employees (emp_no,birth_date,first_name,last_name,gender,hire_date) VALUES ('5','2004-02-24','Joshua','Graham','M','2020-05-06');
        INSERT INTO  employees (emp_no,birth_date,first_name,last_name,gender,hire_date) VALUES ('6','2005-03-25','Joshua','Graham','M','2021-05-06');
        INSERT INTO  employees (emp_no,birth_date,first_name,last_name,gender,hire_date) VALUES ('7','2006-04-26','Joshua','Graham','M','2022-05-06');
        INSERT INTO  employees (emp_no,birth_date,first_name,last_name,gender,hire_date) VALUES ('8','1945-01-31','Mario','Casas','M','2020-12-06');
        INSERT INTO  employees (emp_no,birth_date,first_name,last_name,gender,hire_date) VALUES ('9','1984-06-14','Pepsi','Man','F','2020-07-31');
        INSERT INTO  employees (emp_no,birth_date,first_name,last_name,gender,hire_date) VALUES ('10','1956-08-31','Illo','Juan','M','2023-10-16');
        INSERT INTO  employees (emp_no,birth_date,first_name,last_name,gender,hire_date) VALUES ('11','2011-09-30','Pablo','Hemilio','F','2019-08-08');
        INSERT INTO  employees (emp_no,birth_date,first_name,last_name,gender,hire_date) VALUES ('12','2002-02-02','Rafaela','Carrasco','F','2001-01-01');
        INSERT INTO  employees (emp_no,birth_date,first_name,last_name,gender,hire_date) VALUES ('13','2003-03-23','Francias','Evelina','F','2003-03-03');
        INSERT INTO  employees (emp_no,birth_date,first_name,last_name,gender,hire_date) VALUES ('14','1978-01-21','Ibai','Llanos','M','2016-06-06');
        INSERT INTO  employees (emp_no,birth_date,first_name,last_name,gender,hire_date) VALUES ('15','2001-03-24','Joshua','Graham','M','2020-05-06');
        SELECT * FROM salaries;
        INSERT INTO salaries (emp_no,salary,from_date,to_date) VALUES ('0','5000','2008-09-02','2007-08-06');
        INSERT INTO salaries (emp_no,salary,from_date,to_date) VALUES ('1','6000','2010-08-02','2010-08-06');
        INSERT INTO salaries (emp_no,salary,from_date,to_date) VALUES ('2','7000','2004-10-09','2017-08-25');
        INSERT INTO salaries (emp_no,salary,from_date,to_date) VALUES ('3','10000','2010-11-29','2019-09-25');
        INSERT INTO salaries (emp_no,salary,from_date,to_date) VALUES ('4','17000','2023-01-01','2023-02-02');
        INSERT INTO salaries (emp_no,salary,from_date,to_date) VALUES ('5','19000','2001-18-29','2015-09-15');
        INSERT INTO salaries (emp_no,salary,from_date,to_date) VALUES ('6','18000','2000-10-09','2017-06-25');
        INSERT INTO salaries (emp_no,salary,from_date,to_date) VALUES ('7','25000','2020-10-19','2018-11-25');
        INSERT INTO salaries (emp_no,salary,from_date,to_date) VALUES ('8','28000','2022-12-31','2018-12-25');
        INSERT INTO salaries (emp_no,salary,from_date,to_date) VALUES ('9','30000','2001-12-1','2018-01-05');
        INSERT INTO salaries (emp_no,salary,from_date,to_date) VALUES ('10','35000','2000-06-10','2018-10-06');
        INSERT INTO salaries (emp_no,salary,from_date,to_date) VALUES ('11','40000','2020-10-19','2018-11-25');
        INSERT INTO salaries (emp_no,salary,from_date,to_date) VALUES ('12','40000','2020-10-19','2018-11-25');
        INSERT INTO salaries (emp_no,salary,from_date,to_date) VALUES ('13','40000','2020-10-19','2018-11-25');
        INSERT INTO salaries (emp_no,salary,from_date,to_date) VALUES ('14','40000','2020-10-19','2018-11-25');
        INSERT INTO salaries (emp_no,salary,from_date,to_date) VALUES ('15','40000','2020-10-19','2018-11-25');
        SELECT * FROM departments;
        INSERT INTO departments (dept_no,dept_name) VALUES ('1','Informatica');
        INSERT INTO departments (dept_no,dept_name) VALUES ('2','Programacion');
        INSERT INTO departments (dept_no,dept_name) VALUES ('3','Servidores');
        INSERT INTO departments (dept_no,dept_name) VALUES ('4','Limpieza');
        SELECT * FROM dept_manager;
        INSERT INTO dept_manager (emp_no,dept_no,from_date,to_date) VALUES ('1','4','2020-10-19','2015-09-15');
        INSERT INTO dept_manager (emp_no,dept_no,from_date,to_date) VALUES ('14','3','2022-11-25','2016-10-16');
        INSERT INTO dept_manager (emp_no,dept_no,from_date,to_date) VALUES ('13','1','2023-01-05','2022-12-31');
        INSERT INTO dept_manager (emp_no,dept_no,from_date,to_date) VALUES ('10','2','2011-11-11','2016-06-16');
        INSERT INTO dept_manager (emp_no,dept_no,from_date,to_date) VALUES ('6','2','2001-01-01','2018-08-18');
        SELECT * FROM titles;
        INSERT INTO titles (emp_no,title,from_date,to_date) VALUES ('1','Informatico','1987-08-07','2018-08-18');
        INSERT INTO titles (emp_no,title,from_date,to_date) VALUES ('2','Informatico','1967-08-17','2018-12-27');
        INSERT INTO titles (emp_no,title,from_date,to_date) VALUES ('3','Informatico','1967-08-17','2020-12-27');
        INSERT INTO titles (emp_no,title,from_date,to_date) VALUES ('4','Informatico','1967-08-17','2020-12-27');
        INSERT INTO titles (emp_no,title,from_date,to_date) VALUES ('5','Informatico','1967-08-17','2020-12-27');
        INSERT INTO titles (emp_no,title,from_date,to_date) VALUES ('6','Limpiadora','1950-09-11','2020-12-27');
        INSERT INTO titles (emp_no,title,from_date,to_date) VALUES ('7','Limpiadora','1957-12-17','2020-01-11');
        INSERT INTO titles (emp_no,title,from_date,to_date) VALUES ('7','Servidores','1957-12-17','2021-02-17');
        INSERT INTO titles (emp_no,title,from_date,to_date) VALUES ('8','Limpiadora','1937-01-07','2011-02-13');
        INSERT INTO titles (emp_no,title,from_date,to_date) VALUES ('9','Limpiadora','1987-11-07','2001-01-11');
        INSERT INTO titles (emp_no,title,from_date,to_date) VALUES ('10','Servidores','2000-01-01','2020-02-07');
        INSERT INTO titles (emp_no,title,from_date,to_date) VALUES ('11','Programadores','1999-09-19','2021-02-17');
        INSERT INTO titles (emp_no,title,from_date,to_date) VALUES ('12','Programadores','1960-06-16','2021-02-17');
        INSERT INTO titles (emp_no,title,from_date,to_date) VALUES ('13','Programadores','1975-07-15','2021-07-17');
        INSERT INTO titles (emp_no,title,from_date,to_date) VALUES ('14','Programadores','1965-12-16','2020-12-16');
        INSERT INTO titles (emp_no,title,from_date,to_date) VALUES ('15','Programadores','1980-08-28','2022-08-18');
		SELECT * FROM dept_emp;
        INSERT INTO dept_emp(emp_no,dept_no,from_date,to_date) VALUES ('1','1','1981-08-28','2023-08-18');
        INSERT INTO dept_emp(emp_no,dept_no,from_date,to_date) VALUES ('1','4','1981-08-28','2023-08-18');
        INSERT INTO dept_emp(emp_no,dept_no,from_date,to_date) VALUES ('2','1','1981-08-28','2023-08-18');
        INSERT INTO dept_emp(emp_no,dept_no,from_date,to_date) VALUES ('2','4','1981-08-28','2023-08-18');
        INSERT INTO dept_emp(emp_no,dept_no,from_date,to_date) VALUES ('3','4','1981-08-28','2023-08-18');
        INSERT INTO dept_emp(emp_no,dept_no,from_date,to_date) VALUES ('3','1','1981-08-28','2023-08-18');
        INSERT INTO dept_emp(emp_no,dept_no,from_date,to_date) VALUES ('4','4','1981-08-28','2023-08-18');
        INSERT INTO dept_emp(emp_no,dept_no,from_date,to_date) VALUES ('4','1','1981-08-28','2023-08-18');
        INSERT INTO dept_emp(emp_no,dept_no,from_date,to_date) VALUES ('5','1','1981-08-28','2023-08-18');
        INSERT INTO dept_emp(emp_no,dept_no,from_date,to_date) VALUES ('6','4','1981-08-28','2023-08-18');
        INSERT INTO dept_emp(emp_no,dept_no,from_date,to_date) VALUES ('7','4','1981-08-28','2023-08-18');
        INSERT INTO dept_emp(emp_no,dept_no,from_date,to_date) VALUES ('7','3','1981-08-28','2023-08-18');
        INSERT INTO dept_emp(emp_no,dept_no,from_date,to_date) VALUES ('8','1','1981-08-28','2023-08-18');
        INSERT INTO dept_emp(emp_no,dept_no,from_date,to_date) VALUES ('9','1','1981-08-28','2023-08-18');
        INSERT INTO dept_emp(emp_no,dept_no,from_date,to_date) VALUES ('10','3','1981-08-28','2023-08-18');
        INSERT INTO dept_emp(emp_no,dept_no,from_date,to_date) VALUES ('11','2','1981-08-28','2023-08-18');
        INSERT INTO dept_emp(emp_no,dept_no,from_date,to_date) VALUES ('11','1','1981-08-28','2023-08-18');
        INSERT INTO dept_emp(emp_no,dept_no,from_date,to_date) VALUES ('12','2','1981-08-28','2023-08-18');
        INSERT INTO dept_emp(emp_no,dept_no,from_date,to_date) VALUES ('12','1','1981-08-28','2023-08-18');
        INSERT INTO dept_emp(emp_no,dept_no,from_date,to_date) VALUES ('13','2','1981-08-28','2023-08-18');
        INSERT INTO dept_emp(emp_no,dept_no,from_date,to_date) VALUES ('13','1','1981-08-28','2023-08-18');
        INSERT INTO dept_emp(emp_no,dept_no,from_date,to_date) VALUES ('14','2','1981-08-28','2023-08-18');
        INSERT INTO dept_emp(emp_no,dept_no,from_date,to_date) VALUES ('14','1','1981-08-28','2023-08-18');
        INSERT INTO dept_emp(emp_no,dept_no,from_date,to_date) VALUES ('15','2','1981-08-28','2023-08-18');
        INSERT INTO dept_emp(emp_no,dept_no,from_date,to_date) VALUES ('15','1','1981-08-28','2023-08-18');
        update employees set first_name = 'Juan' where emp_no = 1;
        update employees set last_name = 'Jose' where emp_no = 1;
		SELECT * FROM employees;
        update departments set dept_name = 'Especialistas en Mircro Redes' where dept_no = 1;
        update departments set dept_name = 'Departamento de Programacion' where dept_no = 2;
        update departments set dept_name = 'Gestion de servidores' where dept_no = 3;
        update departments set dept_name = 'Limpieza de oficinas' where dept_no = 4;
        SELECT * FROM departments;
        SELECT * from salaries where salary > 20000;
        SELECT * from salaries where salary < 10000;
        SELECT * from salaries where salary > 15000 and salary < 50000;
        SELECT * FROM employees order by first_name asc;
        SELECT * from titles where to_date BETWEEN '2020-00-00' and '2021-00-00';
        SELECT * FROM employees WHERE first_name NOT LIKE '%[abcdefghijklmnopqrstuvwxyz]%';
		SELECT e.emp_no, e.first_name, e.last_name, d.dept_no, d.emp_no FROM employees e left join dept_emp d on e.emp_no = d.emp_no;
        SELECT DISTINCT first_name FROM employees;
        DELETE FROM salaries WHERE salary > 20000;
		SELECT * FROM salaries;
        DELETE FROM departments WHERE dept_no = (
    SELECT dept_no
    FROM dept_emp
    JOIN employees ON dept_emp.emp_no = employees.emp_no
    GROUP BY dept_no
    ORDER BY COUNT(dept_emp.emp_no) DESC
    LIMIT 1
);